"","Estimate","Std.err.","t-ratio(0)","Rob.std.err.","Rob.t-ratio(0)"
"asc_rail",-0.236884962066667,0.102336504302116,-2.31476503601627,0.103569866023096,-2.2871996572231
"b_cost",-0.0504924913809951,0.00232522499787651,-21.7150991526011,0.00242836229256594,-20.7928164325274
"b_tt",-0.00777567832853335,0.000642964510525001,-12.093479813037,0.000631867932562178,-12.3058600188865
